state,year,president,party
Alabama,1981,"Reagan, Ronald",Republican
Alabama,1982,"Reagan, Ronald",Republican
Alabama,1983,"Reagan, Ronald",Republican
Alabama,1984,"Reagan, Ronald",Republican
Alabama,1985,"Reagan, Ronald",Republican
Alabama,1986,"Reagan, Ronald",Republican
Alabama,1987,"Reagan, Ronald",Republican
Alabama,1988,"Reagan, Ronald",Republican
Alabama,1989,"Bush, George H.W.",Republican
Alabama,1990,"Bush, George H.W.",Republican
Alabama,1991,"Bush, George H.W.",Republican
Alabama,1992,"Bush, George H.W.",Republican
Alabama,1993,"Bush, George H.W.",Republican
Alabama,1994,"Bush, George H.W.",Republican
Alabama,1995,"Bush, George H.W.",Republican
Alabama,1996,"Bush, George H.W.",Republican
Alabama,1997,"Dole, Robert",Republican
Alabama,1998,"Dole, Robert",Republican
Alabama,1999,"Dole, Robert",Republican
Alabama,2000,"Dole, Robert",Republican
Alabama,2001,"Bush, George W.",Republican
Alabama,2002,"Bush, George W.",Republican
Alabama,2003,"Bush, George W.",Republican
Alabama,2004,"Bush, George W.",Republican
Alabama,2005,"Bush, George W.",Republican
Alaska,1981,"Reagan, Ronald",Republican
Alaska,1982,"Reagan, Ronald",Republican
Alaska,1983,"Reagan, Ronald",Republican
Alaska,1984,"Reagan, Ronald",Republican
Alaska,1985,"Reagan, Ronald",Republican
Alaska,1986,"Reagan, Ronald",Republican
Alaska,1987,"Reagan, Ronald",Republican
Alaska,1988,"Reagan, Ronald",Republican
Alaska,1989,"Bush, George H.W.",Republican
Alaska,1990,"Bush, George H.W.",Republican
Alaska,1991,"Bush, George H.W.",Republican
Alaska,1992,"Bush, George H.W.",Republican
Alaska,1993,"Bush, George H.W.",Republican
Alaska,1994,"Bush, George H.W.",Republican
Alaska,1995,"Bush, George H.W.",Republican
Alaska,1996,"Bush, George H.W.",Republican
Alaska,1997,"Dole, Robert",Republican
Alaska,1998,"Dole, Robert",Republican
Alaska,1999,"Dole, Robert",Republican
Alaska,2000,"Dole, Robert",Republican
Alaska,2001,"Bush, George W.",Republican
Alaska,2002,"Bush, George W.",Republican
Alaska,2003,"Bush, George W.",Republican
Alaska,2004,"Bush, George W.",Republican
Alaska,2005,"Bush, George W.",Republican
Arizona,1981,"Reagan, Ronald",Republican
Arizona,1982,"Reagan, Ronald",Republican
Arizona,1983,"Reagan, Ronald",Republican
Arizona,1984,"Reagan, Ronald",Republican
Arizona,1985,"Reagan, Ronald",Republican
Arizona,1986,"Reagan, Ronald",Republican
Arizona,1987,"Reagan, Ronald",Republican
Arizona,1988,"Reagan, Ronald",Republican
Arizona,1989,"Bush, George H.W.",Republican
Arizona,1990,"Bush, George H.W.",Republican
Arizona,1991,"Bush, George H.W.",Republican
Arizona,1992,"Bush, George H.W.",Republican
Arizona,1993,"Bush, George H.W.",Republican
Arizona,1994,"Bush, George H.W.",Republican
Arizona,1995,"Bush, George H.W.",Republican
Arizona,1996,"Bush, George H.W.",Republican
Arizona,1997,"Clinton, Bill",Democrat
Arizona,1998,"Clinton, Bill",Democrat
Arizona,1999,"Clinton, Bill",Democrat
Arizona,2000,"Clinton, Bill",Democrat
Arizona,2001,"Bush, George W.",Republican
Arizona,2002,"Bush, George W.",Republican
Arizona,2003,"Bush, George W.",Republican
Arizona,2004,"Bush, George W.",Republican
Arizona,2005,"Bush, George W.",Republican
Arkansas,1981,"Reagan, Ronald",Republican
Arkansas,1982,"Reagan, Ronald",Republican
Arkansas,1983,"Reagan, Ronald",Republican
Arkansas,1984,"Reagan, Ronald",Republican
Arkansas,1985,"Reagan, Ronald",Republican
Arkansas,1986,"Reagan, Ronald",Republican
Arkansas,1987,"Reagan, Ronald",Republican
Arkansas,1988,"Reagan, Ronald",Republican
Arkansas,1989,"Bush, George H.W.",Republican
Arkansas,1990,"Bush, George H.W.",Republican
Arkansas,1991,"Bush, George H.W.",Republican
Arkansas,1992,"Bush, George H.W.",Republican
Arkansas,1993,"Clinton, Bill",Democrat
Arkansas,1994,"Clinton, Bill",Democrat
Arkansas,1995,"Clinton, Bill",Democrat
Arkansas,1996,"Clinton, Bill",Democrat
Arkansas,1997,"Clinton, Bill",Democrat
Arkansas,1998,"Clinton, Bill",Democrat
Arkansas,1999,"Clinton, Bill",Democrat
Arkansas,2000,"Clinton, Bill",Democrat
Arkansas,2001,"Bush, George W.",Republican
Arkansas,2002,"Bush, George W.",Republican
Arkansas,2003,"Bush, George W.",Republican
Arkansas,2004,"Bush, George W.",Republican
Arkansas,2005,"Bush, George W.",Republican
California,1981,"Reagan, Ronald",Republican
California,1982,"Reagan, Ronald",Republican
California,1983,"Reagan, Ronald",Republican
California,1984,"Reagan, Ronald",Republican
California,1985,"Reagan, Ronald",Republican
California,1986,"Reagan, Ronald",Republican
California,1987,"Reagan, Ronald",Republican
California,1988,"Reagan, Ronald",Republican
California,1989,"Bush, George H.W.",Republican
California,1990,"Bush, George H.W.",Republican
California,1991,"Bush, George H.W.",Republican
California,1992,"Bush, George H.W.",Republican
California,1993,"Clinton, Bill",Democrat
California,1994,"Clinton, Bill",Democrat
California,1995,"Clinton, Bill",Democrat
California,1996,"Clinton, Bill",Democrat
California,1997,"Clinton, Bill",Democrat
California,1998,"Clinton, Bill",Democrat
California,1999,"Clinton, Bill",Democrat
California,2000,"Clinton, Bill",Democrat
California,2001,"Gore, Al",Democrat
California,2002,"Gore, Al",Democrat
California,2003,"Gore, Al",Democrat
California,2004,"Gore, Al",Democrat
California,2005,"Kerry, John",Democrat
Colorado,1981,"Reagan, Ronald",Republican
Colorado,1982,"Reagan, Ronald",Republican
Colorado,1983,"Reagan, Ronald",Republican
Colorado,1984,"Reagan, Ronald",Republican
Colorado,1985,"Reagan, Ronald",Republican
Colorado,1986,"Reagan, Ronald",Republican
Colorado,1987,"Reagan, Ronald",Republican
Colorado,1988,"Reagan, Ronald",Republican
Colorado,1989,"Bush, George H.W.",Republican
Colorado,1990,"Bush, George H.W.",Republican
Colorado,1991,"Bush, George H.W.",Republican
Colorado,1992,"Bush, George H.W.",Republican
Colorado,1993,"Clinton, Bill",Democrat
Colorado,1994,"Clinton, Bill",Democrat
Colorado,1995,"Clinton, Bill",Democrat
Colorado,1996,"Clinton, Bill",Democrat
Colorado,1997,"Dole, Robert",Republican
Colorado,1998,"Dole, Robert",Republican
Colorado,1999,"Dole, Robert",Republican
Colorado,2000,"Dole, Robert",Republican
Colorado,2001,"Bush, George W.",Republican
Colorado,2002,"Bush, George W.",Republican
Colorado,2003,"Bush, George W.",Republican
Colorado,2004,"Bush, George W.",Republican
Colorado,2005,"Bush, George W.",Republican
Connecticut,1981,"Reagan, Ronald",Republican
Connecticut,1982,"Reagan, Ronald",Republican
Connecticut,1983,"Reagan, Ronald",Republican
Connecticut,1984,"Reagan, Ronald",Republican
Connecticut,1985,"Reagan, Ronald",Republican
Connecticut,1986,"Reagan, Ronald",Republican
Connecticut,1987,"Reagan, Ronald",Republican
Connecticut,1988,"Reagan, Ronald",Republican
Connecticut,1989,"Bush, George H.W.",Republican
Connecticut,1990,"Bush, George H.W.",Republican
Connecticut,1991,"Bush, George H.W.",Republican
Connecticut,1992,"Bush, George H.W.",Republican
Connecticut,1993,"Clinton, Bill",Democrat
Connecticut,1994,"Clinton, Bill",Democrat
Connecticut,1995,"Clinton, Bill",Democrat
Connecticut,1996,"Clinton, Bill",Democrat
Connecticut,1997,"Clinton, Bill",Democrat
Connecticut,1998,"Clinton, Bill",Democrat
Connecticut,1999,"Clinton, Bill",Democrat
Connecticut,2000,"Clinton, Bill",Democrat
Connecticut,2001,"Gore, Al",Democrat
Connecticut,2002,"Gore, Al",Democrat
Connecticut,2003,"Gore, Al",Democrat
Connecticut,2004,"Gore, Al",Democrat
Connecticut,2005,"Kerry, John",Democrat
Delaware,1981,"Reagan, Ronald",Republican
Delaware,1982,"Reagan, Ronald",Republican
Delaware,1983,"Reagan, Ronald",Republican
Delaware,1984,"Reagan, Ronald",Republican
Delaware,1985,"Reagan, Ronald",Republican
Delaware,1986,"Reagan, Ronald",Republican
Delaware,1987,"Reagan, Ronald",Republican
Delaware,1988,"Reagan, Ronald",Republican
Delaware,1989,"Bush, George H.W.",Republican
Delaware,1990,"Bush, George H.W.",Republican
Delaware,1991,"Bush, George H.W.",Republican
Delaware,1992,"Bush, George H.W.",Republican
Delaware,1993,"Clinton, Bill",Democrat
Delaware,1994,"Clinton, Bill",Democrat
Delaware,1995,"Clinton, Bill",Democrat
Delaware,1996,"Clinton, Bill",Democrat
Delaware,1997,"Clinton, Bill",Democrat
Delaware,1998,"Clinton, Bill",Democrat
Delaware,1999,"Clinton, Bill",Democrat
Delaware,2000,"Clinton, Bill",Democrat
Delaware,2001,"Gore, Al",Democrat
Delaware,2002,"Gore, Al",Democrat
Delaware,2003,"Gore, Al",Democrat
Delaware,2004,"Gore, Al",Democrat
Delaware,2005,"Kerry, John",Democrat
District of Columbia,1981,"Carter, Jimmy",Democrat
District of Columbia,1982,"Carter, Jimmy",Democrat
District of Columbia,1983,"Carter, Jimmy",Democrat
District of Columbia,1984,"Carter, Jimmy",Democrat
District of Columbia,1985,"Mondale, Walter",Democrat
District of Columbia,1986,"Mondale, Walter",Democrat
District of Columbia,1987,"Mondale, Walter",Democrat
District of Columbia,1988,"Mondale, Walter",Democrat
District of Columbia,1989,"Dukakis, Michael",Democrat
District of Columbia,1990,"Dukakis, Michael",Democrat
District of Columbia,1991,"Dukakis, Michael",Democrat
District of Columbia,1992,"Dukakis, Michael",Democrat
District of Columbia,1993,"Clinton, Bill",Democrat
District of Columbia,1994,"Clinton, Bill",Democrat
District of Columbia,1995,"Clinton, Bill",Democrat
District of Columbia,1996,"Clinton, Bill",Democrat
District of Columbia,1997,"Clinton, Bill",Democrat
District of Columbia,1998,"Clinton, Bill",Democrat
District of Columbia,1999,"Clinton, Bill",Democrat
District of Columbia,2000,"Clinton, Bill",Democrat
District of Columbia,2001,"Gore, Al",Democrat
District of Columbia,2002,"Gore, Al",Democrat
District of Columbia,2003,"Gore, Al",Democrat
District of Columbia,2004,"Gore, Al",Democrat
District of Columbia,2005,"Kerry, John",Democrat
Florida,1981,"Reagan, Ronald",Republican
Florida,1982,"Reagan, Ronald",Republican
Florida,1983,"Reagan, Ronald",Republican
Florida,1984,"Reagan, Ronald",Republican
Florida,1985,"Reagan, Ronald",Republican
Florida,1986,"Reagan, Ronald",Republican
Florida,1987,"Reagan, Ronald",Republican
Florida,1988,"Reagan, Ronald",Republican
Florida,1989,"Bush, George H.W.",Republican
Florida,1990,"Bush, George H.W.",Republican
Florida,1991,"Bush, George H.W.",Republican
Florida,1992,"Bush, George H.W.",Republican
Florida,1993,"Bush, George H.W.",Republican
Florida,1994,"Bush, George H.W.",Republican
Florida,1995,"Bush, George H.W.",Republican
Florida,1996,"Bush, George H.W.",Republican
Florida,1997,"Clinton, Bill",Democrat
Florida,1998,"Clinton, Bill",Democrat
Florida,1999,"Clinton, Bill",Democrat
Florida,2000,"Clinton, Bill",Democrat
Florida,2001,"Bush, George W.",Republican
Florida,2002,"Bush, George W.",Republican
Florida,2003,"Bush, George W.",Republican
Florida,2004,"Bush, George W.",Republican
Florida,2005,"Bush, George W.",Republican
Georgia,1981,"Carter, Jimmy",Democrat
Georgia,1982,"Carter, Jimmy",Democrat
Georgia,1983,"Carter, Jimmy",Democrat
Georgia,1984,"Carter, Jimmy",Democrat
Georgia,1985,"Reagan, Ronald",Republican
Georgia,1986,"Reagan, Ronald",Republican
Georgia,1987,"Reagan, Ronald",Republican
Georgia,1988,"Reagan, Ronald",Republican
Georgia,1989,"Bush, George H.W.",Republican
Georgia,1990,"Bush, George H.W.",Republican
Georgia,1991,"Bush, George H.W.",Republican
Georgia,1992,"Bush, George H.W.",Republican
Georgia,1993,"Clinton, Bill",Democrat
Georgia,1994,"Clinton, Bill",Democrat
Georgia,1995,"Clinton, Bill",Democrat
Georgia,1996,"Clinton, Bill",Democrat
Georgia,1997,"Dole, Robert",Republican
Georgia,1998,"Dole, Robert",Republican
Georgia,1999,"Dole, Robert",Republican
Georgia,2000,"Dole, Robert",Republican
Georgia,2001,"Bush, George W.",Republican
Georgia,2002,"Bush, George W.",Republican
Georgia,2003,"Bush, George W.",Republican
Georgia,2004,"Bush, George W.",Republican
Georgia,2005,"Bush, George W.",Republican
Hawaii,1981,"Carter, Jimmy",Democrat
Hawaii,1982,"Carter, Jimmy",Democrat
Hawaii,1983,"Carter, Jimmy",Democrat
Hawaii,1984,"Carter, Jimmy",Democrat
Hawaii,1985,"Reagan, Ronald",Republican
Hawaii,1986,"Reagan, Ronald",Republican
Hawaii,1987,"Reagan, Ronald",Republican
Hawaii,1988,"Reagan, Ronald",Republican
Hawaii,1989,"Dukakis, Michael",Democrat
Hawaii,1990,"Dukakis, Michael",Democrat
Hawaii,1991,"Dukakis, Michael",Democrat
Hawaii,1992,"Dukakis, Michael",Democrat
Hawaii,1993,"Clinton, Bill",Democrat
Hawaii,1994,"Clinton, Bill",Democrat
Hawaii,1995,"Clinton, Bill",Democrat
Hawaii,1996,"Clinton, Bill",Democrat
Hawaii,1997,"Clinton, Bill",Democrat
Hawaii,1998,"Clinton, Bill",Democrat
Hawaii,1999,"Clinton, Bill",Democrat
Hawaii,2000,"Clinton, Bill",Democrat
Hawaii,2001,"Gore, Al",Democrat
Hawaii,2002,"Gore, Al",Democrat
Hawaii,2003,"Gore, Al",Democrat
Hawaii,2004,"Gore, Al",Democrat
Hawaii,2005,"Kerry, John",Democrat
Idaho,1981,"Reagan, Ronald",Republican
Idaho,1982,"Reagan, Ronald",Republican
Idaho,1983,"Reagan, Ronald",Republican
Idaho,1984,"Reagan, Ronald",Republican
Idaho,1985,"Reagan, Ronald",Republican
Idaho,1986,"Reagan, Ronald",Republican
Idaho,1987,"Reagan, Ronald",Republican
Idaho,1988,"Reagan, Ronald",Republican
Idaho,1989,"Bush, George H.W.",Republican
Idaho,1990,"Bush, George H.W.",Republican
Idaho,1991,"Bush, George H.W.",Republican
Idaho,1992,"Bush, George H.W.",Republican
Idaho,1993,"Bush, George H.W.",Republican
Idaho,1994,"Bush, George H.W.",Republican
Idaho,1995,"Bush, George H.W.",Republican
Idaho,1996,"Bush, George H.W.",Republican
Idaho,1997,"Dole, Robert",Republican
Idaho,1998,"Dole, Robert",Republican
Idaho,1999,"Dole, Robert",Republican
Idaho,2000,"Dole, Robert",Republican
Idaho,2001,"Bush, George W.",Republican
Idaho,2002,"Bush, George W.",Republican
Idaho,2003,"Bush, George W.",Republican
Idaho,2004,"Bush, George W.",Republican
Idaho,2005,"Bush, George W.",Republican
Illinois,1981,"Reagan, Ronald",Republican
Illinois,1982,"Reagan, Ronald",Republican
Illinois,1983,"Reagan, Ronald",Republican
Illinois,1984,"Reagan, Ronald",Republican
Illinois,1985,"Reagan, Ronald",Republican
Illinois,1986,"Reagan, Ronald",Republican
Illinois,1987,"Reagan, Ronald",Republican
Illinois,1988,"Reagan, Ronald",Republican
Illinois,1989,"Bush, George H.W.",Republican
Illinois,1990,"Bush, George H.W.",Republican
Illinois,1991,"Bush, George H.W.",Republican
Illinois,1992,"Bush, George H.W.",Republican
Illinois,1993,"Clinton, Bill",Democrat
Illinois,1994,"Clinton, Bill",Democrat
Illinois,1995,"Clinton, Bill",Democrat
Illinois,1996,"Clinton, Bill",Democrat
Illinois,1997,"Clinton, Bill",Democrat
Illinois,1998,"Clinton, Bill",Democrat
Illinois,1999,"Clinton, Bill",Democrat
Illinois,2000,"Clinton, Bill",Democrat
Illinois,2001,"Gore, Al",Democrat
Illinois,2002,"Gore, Al",Democrat
Illinois,2003,"Gore, Al",Democrat
Illinois,2004,"Gore, Al",Democrat
Illinois,2005,"Kerry, John",Democrat
Indiana,1981,"Reagan, Ronald",Republican
Indiana,1982,"Reagan, Ronald",Republican
Indiana,1983,"Reagan, Ronald",Republican
Indiana,1984,"Reagan, Ronald",Republican
Indiana,1985,"Reagan, Ronald",Republican
Indiana,1986,"Reagan, Ronald",Republican
Indiana,1987,"Reagan, Ronald",Republican
Indiana,1988,"Reagan, Ronald",Republican
Indiana,1989,"Bush, George H.W.",Republican
Indiana,1990,"Bush, George H.W.",Republican
Indiana,1991,"Bush, George H.W.",Republican
Indiana,1992,"Bush, George H.W.",Republican
Indiana,1993,"Bush, George H.W.",Republican
Indiana,1994,"Bush, George H.W.",Republican
Indiana,1995,"Bush, George H.W.",Republican
Indiana,1996,"Bush, George H.W.",Republican
Indiana,1997,"Dole, Robert",Republican
Indiana,1998,"Dole, Robert",Republican
Indiana,1999,"Dole, Robert",Republican
Indiana,2000,"Dole, Robert",Republican
Indiana,2001,"Bush, George W.",Republican
Indiana,2002,"Bush, George W.",Republican
Indiana,2003,"Bush, George W.",Republican
Indiana,2004,"Bush, George W.",Republican
Indiana,2005,"Bush, George W.",Republican
Iowa,1981,"Reagan, Ronald",Republican
Iowa,1982,"Reagan, Ronald",Republican
Iowa,1983,"Reagan, Ronald",Republican
Iowa,1984,"Reagan, Ronald",Republican
Iowa,1985,"Reagan, Ronald",Republican
Iowa,1986,"Reagan, Ronald",Republican
Iowa,1987,"Reagan, Ronald",Republican
Iowa,1988,"Reagan, Ronald",Republican
Iowa,1989,"Dukakis, Michael",Democrat
Iowa,1990,"Dukakis, Michael",Democrat
Iowa,1991,"Dukakis, Michael",Democrat
Iowa,1992,"Dukakis, Michael",Democrat
Iowa,1993,"Clinton, Bill",Democrat
Iowa,1994,"Clinton, Bill",Democrat
Iowa,1995,"Clinton, Bill",Democrat
Iowa,1996,"Clinton, Bill",Democrat
Iowa,1997,"Clinton, Bill",Democrat
Iowa,1998,"Clinton, Bill",Democrat
Iowa,1999,"Clinton, Bill",Democrat
Iowa,2000,"Clinton, Bill",Democrat
Iowa,2001,"Gore, Al",Democrat
Iowa,2002,"Gore, Al",Democrat
Iowa,2003,"Gore, Al",Democrat
Iowa,2004,"Gore, Al",Democrat
Iowa,2005,"Bush, George W.",Republican
Kansas,1981,"Reagan, Ronald",Republican
Kansas,1982,"Reagan, Ronald",Republican
Kansas,1983,"Reagan, Ronald",Republican
Kansas,1984,"Reagan, Ronald",Republican
Kansas,1985,"Reagan, Ronald",Republican
Kansas,1986,"Reagan, Ronald",Republican
Kansas,1987,"Reagan, Ronald",Republican
Kansas,1988,"Reagan, Ronald",Republican
Kansas,1989,"Bush, George H.W.",Republican
Kansas,1990,"Bush, George H.W.",Republican
Kansas,1991,"Bush, George H.W.",Republican
Kansas,1992,"Bush, George H.W.",Republican
Kansas,1993,"Bush, George H.W.",Republican
Kansas,1994,"Bush, George H.W.",Republican
Kansas,1995,"Bush, George H.W.",Republican
Kansas,1996,"Bush, George H.W.",Republican
Kansas,1997,"Dole, Robert",Republican
Kansas,1998,"Dole, Robert",Republican
Kansas,1999,"Dole, Robert",Republican
Kansas,2000,"Dole, Robert",Republican
Kansas,2001,"Bush, George W.",Republican
Kansas,2002,"Bush, George W.",Republican
Kansas,2003,"Bush, George W.",Republican
Kansas,2004,"Bush, George W.",Republican
Kansas,2005,"Bush, George W.",Republican
Kentucky,1981,"Reagan, Ronald",Republican
Kentucky,1982,"Reagan, Ronald",Republican
Kentucky,1983,"Reagan, Ronald",Republican
Kentucky,1984,"Reagan, Ronald",Republican
Kentucky,1985,"Reagan, Ronald",Republican
Kentucky,1986,"Reagan, Ronald",Republican
Kentucky,1987,"Reagan, Ronald",Republican
Kentucky,1988,"Reagan, Ronald",Republican
Kentucky,1989,"Bush, George H.W.",Republican
Kentucky,1990,"Bush, George H.W.",Republican
Kentucky,1991,"Bush, George H.W.",Republican
Kentucky,1992,"Bush, George H.W.",Republican
Kentucky,1993,"Clinton, Bill",Democrat
Kentucky,1994,"Clinton, Bill",Democrat
Kentucky,1995,"Clinton, Bill",Democrat
Kentucky,1996,"Clinton, Bill",Democrat
Kentucky,1997,"Clinton, Bill",Democrat
Kentucky,1998,"Clinton, Bill",Democrat
Kentucky,1999,"Clinton, Bill",Democrat
Kentucky,2000,"Clinton, Bill",Democrat
Kentucky,2001,"Bush, George W.",Republican
Kentucky,2002,"Bush, George W.",Republican
Kentucky,2003,"Bush, George W.",Republican
Kentucky,2004,"Bush, George W.",Republican
Kentucky,2005,"Bush, George W.",Republican
Louisiana,1981,"Reagan, Ronald",Republican
Louisiana,1982,"Reagan, Ronald",Republican
Louisiana,1983,"Reagan, Ronald",Republican
Louisiana,1984,"Reagan, Ronald",Republican
Louisiana,1985,"Reagan, Ronald",Republican
Louisiana,1986,"Reagan, Ronald",Republican
Louisiana,1987,"Reagan, Ronald",Republican
Louisiana,1988,"Reagan, Ronald",Republican
Louisiana,1989,"Bush, George H.W.",Republican
Louisiana,1990,"Bush, George H.W.",Republican
Louisiana,1991,"Bush, George H.W.",Republican
Louisiana,1992,"Bush, George H.W.",Republican
Louisiana,1993,"Clinton, Bill",Democrat
Louisiana,1994,"Clinton, Bill",Democrat
Louisiana,1995,"Clinton, Bill",Democrat
Louisiana,1996,"Clinton, Bill",Democrat
Louisiana,1997,"Clinton, Bill",Democrat
Louisiana,1998,"Clinton, Bill",Democrat
Louisiana,1999,"Clinton, Bill",Democrat
Louisiana,2000,"Clinton, Bill",Democrat
Louisiana,2001,"Bush, George W.",Republican
Louisiana,2002,"Bush, George W.",Republican
Louisiana,2003,"Bush, George W.",Republican
Louisiana,2004,"Bush, George W.",Republican
Louisiana,2005,"Bush, George W.",Republican
Maine,1981,"Reagan, Ronald",Republican
Maine,1982,"Reagan, Ronald",Republican
Maine,1983,"Reagan, Ronald",Republican
Maine,1984,"Reagan, Ronald",Republican
Maine,1985,"Reagan, Ronald",Republican
Maine,1986,"Reagan, Ronald",Republican
Maine,1987,"Reagan, Ronald",Republican
Maine,1988,"Reagan, Ronald",Republican
Maine,1989,"Bush, George H.W.",Republican
Maine,1990,"Bush, George H.W.",Republican
Maine,1991,"Bush, George H.W.",Republican
Maine,1992,"Bush, George H.W.",Republican
Maine,1993,"Clinton, Bill",Democrat
Maine,1994,"Clinton, Bill",Democrat
Maine,1995,"Clinton, Bill",Democrat
Maine,1996,"Clinton, Bill",Democrat
Maine,1997,"Clinton, Bill",Democrat
Maine,1998,"Clinton, Bill",Democrat
Maine,1999,"Clinton, Bill",Democrat
Maine,2000,"Clinton, Bill",Democrat
Maine,2001,"Gore, Al",Democrat
Maine,2002,"Gore, Al",Democrat
Maine,2003,"Gore, Al",Democrat
Maine,2004,"Gore, Al",Democrat
Maine,2005,"Kerry, John",Democrat
Maryland,1981,"Carter, Jimmy",Democrat
Maryland,1982,"Carter, Jimmy",Democrat
Maryland,1983,"Carter, Jimmy",Democrat
Maryland,1984,"Carter, Jimmy",Democrat
Maryland,1985,"Reagan, Ronald",Republican
Maryland,1986,"Reagan, Ronald",Republican
Maryland,1987,"Reagan, Ronald",Republican
Maryland,1988,"Reagan, Ronald",Republican
Maryland,1989,"Bush, George H.W.",Republican
Maryland,1990,"Bush, George H.W.",Republican
Maryland,1991,"Bush, George H.W.",Republican
Maryland,1992,"Bush, George H.W.",Republican
Maryland,1993,"Clinton, Bill",Democrat
Maryland,1994,"Clinton, Bill",Democrat
Maryland,1995,"Clinton, Bill",Democrat
Maryland,1996,"Clinton, Bill",Democrat
Maryland,1997,"Clinton, Bill",Democrat
Maryland,1998,"Clinton, Bill",Democrat
Maryland,1999,"Clinton, Bill",Democrat
Maryland,2000,"Clinton, Bill",Democrat
Maryland,2001,"Gore, Al",Democrat
Maryland,2002,"Gore, Al",Democrat
Maryland,2003,"Gore, Al",Democrat
Maryland,2004,"Gore, Al",Democrat
Maryland,2005,"Kerry, John",Democrat
Massachusetts,1981,"Reagan, Ronald",Republican
Massachusetts,1982,"Reagan, Ronald",Republican
Massachusetts,1983,"Reagan, Ronald",Republican
Massachusetts,1984,"Reagan, Ronald",Republican
Massachusetts,1985,"Reagan, Ronald",Republican
Massachusetts,1986,"Reagan, Ronald",Republican
Massachusetts,1987,"Reagan, Ronald",Republican
Massachusetts,1988,"Reagan, Ronald",Republican
Massachusetts,1989,"Dukakis, Michael",Democrat
Massachusetts,1990,"Dukakis, Michael",Democrat
Massachusetts,1991,"Dukakis, Michael",Democrat
Massachusetts,1992,"Dukakis, Michael",Democrat
Massachusetts,1993,"Clinton, Bill",Democrat
Massachusetts,1994,"Clinton, Bill",Democrat
Massachusetts,1995,"Clinton, Bill",Democrat
Massachusetts,1996,"Clinton, Bill",Democrat
Massachusetts,1997,"Clinton, Bill",Democrat
Massachusetts,1998,"Clinton, Bill",Democrat
Massachusetts,1999,"Clinton, Bill",Democrat
Massachusetts,2000,"Clinton, Bill",Democrat
Massachusetts,2001,"Gore, Al",Democrat
Massachusetts,2002,"Gore, Al",Democrat
Massachusetts,2003,"Gore, Al",Democrat
Massachusetts,2004,"Gore, Al",Democrat
Massachusetts,2005,"Kerry, John",Democrat
Michigan,1981,"Reagan, Ronald",Republican
Michigan,1982,"Reagan, Ronald",Republican
Michigan,1983,"Reagan, Ronald",Republican
Michigan,1984,"Reagan, Ronald",Republican
Michigan,1985,"Reagan, Ronald",Republican
Michigan,1986,"Reagan, Ronald",Republican
Michigan,1987,"Reagan, Ronald",Republican
Michigan,1988,"Reagan, Ronald",Republican
Michigan,1989,"Bush, George H.W.",Republican
Michigan,1990,"Bush, George H.W.",Republican
Michigan,1991,"Bush, George H.W.",Republican
Michigan,1992,"Bush, George H.W.",Republican
Michigan,1993,"Clinton, Bill",Democrat
Michigan,1994,"Clinton, Bill",Democrat
Michigan,1995,"Clinton, Bill",Democrat
Michigan,1996,"Clinton, Bill",Democrat
Michigan,1997,"Clinton, Bill",Democrat
Michigan,1998,"Clinton, Bill",Democrat
Michigan,1999,"Clinton, Bill",Democrat
Michigan,2000,"Clinton, Bill",Democrat
Michigan,2001,"Gore, Al",Democrat
Michigan,2002,"Gore, Al",Democrat
Michigan,2003,"Gore, Al",Democrat
Michigan,2004,"Gore, Al",Democrat
Michigan,2005,"Kerry, John",Democrat
Minnesota,1981,"Carter, Jimmy",Democrat
Minnesota,1982,"Carter, Jimmy",Democrat
Minnesota,1983,"Carter, Jimmy",Democrat
Minnesota,1984,"Carter, Jimmy",Democrat
Minnesota,1985,"Mondale, Walter",Democrat
Minnesota,1986,"Mondale, Walter",Democrat
Minnesota,1987,"Mondale, Walter",Democrat
Minnesota,1988,"Mondale, Walter",Democrat
Minnesota,1989,"Dukakis, Michael",Democrat
Minnesota,1990,"Dukakis, Michael",Democrat
Minnesota,1991,"Dukakis, Michael",Democrat
Minnesota,1992,"Dukakis, Michael",Democrat
Minnesota,1993,"Clinton, Bill",Democrat
Minnesota,1994,"Clinton, Bill",Democrat
Minnesota,1995,"Clinton, Bill",Democrat
Minnesota,1996,"Clinton, Bill",Democrat
Minnesota,1997,"Clinton, Bill",Democrat
Minnesota,1998,"Clinton, Bill",Democrat
Minnesota,1999,"Clinton, Bill",Democrat
Minnesota,2000,"Clinton, Bill",Democrat
Minnesota,2001,"Gore, Al",Democrat
Minnesota,2002,"Gore, Al",Democrat
Minnesota,2003,"Gore, Al",Democrat
Minnesota,2004,"Gore, Al",Democrat
Minnesota,2005,"Kerry, John",Democrat
Mississippi,1981,"Reagan, Ronald",Republican
Mississippi,1982,"Reagan, Ronald",Republican
Mississippi,1983,"Reagan, Ronald",Republican
Mississippi,1984,"Reagan, Ronald",Republican
Mississippi,1985,"Reagan, Ronald",Republican
Mississippi,1986,"Reagan, Ronald",Republican
Mississippi,1987,"Reagan, Ronald",Republican
Mississippi,1988,"Reagan, Ronald",Republican
Mississippi,1989,"Bush, George H.W.",Republican
Mississippi,1990,"Bush, George H.W.",Republican
Mississippi,1991,"Bush, George H.W.",Republican
Mississippi,1992,"Bush, George H.W.",Republican
Mississippi,1993,"Bush, George H.W.",Republican
Mississippi,1994,"Bush, George H.W.",Republican
Mississippi,1995,"Bush, George H.W.",Republican
Mississippi,1996,"Bush, George H.W.",Republican
Mississippi,1997,"Dole, Robert",Republican
Mississippi,1998,"Dole, Robert",Republican
Mississippi,1999,"Dole, Robert",Republican
Mississippi,2000,"Dole, Robert",Republican
Mississippi,2001,"Bush, George W.",Republican
Mississippi,2002,"Bush, George W.",Republican
Mississippi,2003,"Bush, George W.",Republican
Mississippi,2004,"Bush, George W.",Republican
Mississippi,2005,"Bush, George W.",Republican
Missouri,1981,"Reagan, Ronald",Republican
Missouri,1982,"Reagan, Ronald",Republican
Missouri,1983,"Reagan, Ronald",Republican
Missouri,1984,"Reagan, Ronald",Republican
Missouri,1985,"Reagan, Ronald",Republican
Missouri,1986,"Reagan, Ronald",Republican
Missouri,1987,"Reagan, Ronald",Republican
Missouri,1988,"Reagan, Ronald",Republican
Missouri,1989,"Bush, George H.W.",Republican
Missouri,1990,"Bush, George H.W.",Republican
Missouri,1991,"Bush, George H.W.",Republican
Missouri,1992,"Bush, George H.W.",Republican
Missouri,1993,"Clinton, Bill",Democrat
Missouri,1994,"Clinton, Bill",Democrat
Missouri,1995,"Clinton, Bill",Democrat
Missouri,1996,"Clinton, Bill",Democrat
Missouri,1997,"Clinton, Bill",Democrat
Missouri,1998,"Clinton, Bill",Democrat
Missouri,1999,"Clinton, Bill",Democrat
Missouri,2000,"Clinton, Bill",Democrat
Missouri,2001,"Bush, George W.",Republican
Missouri,2002,"Bush, George W.",Republican
Missouri,2003,"Bush, George W.",Republican
Missouri,2004,"Bush, George W.",Republican
Missouri,2005,"Bush, George W.",Republican
Montana,1981,"Reagan, Ronald",Republican
Montana,1982,"Reagan, Ronald",Republican
Montana,1983,"Reagan, Ronald",Republican
Montana,1984,"Reagan, Ronald",Republican
Montana,1985,"Reagan, Ronald",Republican
Montana,1986,"Reagan, Ronald",Republican
Montana,1987,"Reagan, Ronald",Republican
Montana,1988,"Reagan, Ronald",Republican
Montana,1989,"Bush, George H.W.",Republican
Montana,1990,"Bush, George H.W.",Republican
Montana,1991,"Bush, George H.W.",Republican
Montana,1992,"Bush, George H.W.",Republican
Montana,1993,"Clinton, Bill",Democrat
Montana,1994,"Clinton, Bill",Democrat
Montana,1995,"Clinton, Bill",Democrat
Montana,1996,"Clinton, Bill",Democrat
Montana,1997,"Dole, Robert",Republican
Montana,1998,"Dole, Robert",Republican
Montana,1999,"Dole, Robert",Republican
Montana,2000,"Dole, Robert",Republican
Montana,2001,"Bush, George W.",Republican
Montana,2002,"Bush, George W.",Republican
Montana,2003,"Bush, George W.",Republican
Montana,2004,"Bush, George W.",Republican
Montana,2005,"Bush, George W.",Republican
Nebraska,1981,"Reagan, Ronald",Republican
Nebraska,1982,"Reagan, Ronald",Republican
Nebraska,1983,"Reagan, Ronald",Republican
Nebraska,1984,"Reagan, Ronald",Republican
Nebraska,1985,"Reagan, Ronald",Republican
Nebraska,1986,"Reagan, Ronald",Republican
Nebraska,1987,"Reagan, Ronald",Republican
Nebraska,1988,"Reagan, Ronald",Republican
Nebraska,1989,"Bush, George H.W.",Republican
Nebraska,1990,"Bush, George H.W.",Republican
Nebraska,1991,"Bush, George H.W.",Republican
Nebraska,1992,"Bush, George H.W.",Republican
Nebraska,1993,"Bush, George H.W.",Republican
Nebraska,1994,"Bush, George H.W.",Republican
Nebraska,1995,"Bush, George H.W.",Republican
Nebraska,1996,"Bush, George H.W.",Republican
Nebraska,1997,"Dole, Robert",Republican
Nebraska,1998,"Dole, Robert",Republican
Nebraska,1999,"Dole, Robert",Republican
Nebraska,2000,"Dole, Robert",Republican
Nebraska,2001,"Bush, George W.",Republican
Nebraska,2002,"Bush, George W.",Republican
Nebraska,2003,"Bush, George W.",Republican
Nebraska,2004,"Bush, George W.",Republican
Nebraska,2005,"Bush, George W.",Republican
Nevada,1981,"Reagan, Ronald",Republican
Nevada,1982,"Reagan, Ronald",Republican
Nevada,1983,"Reagan, Ronald",Republican
Nevada,1984,"Reagan, Ronald",Republican
Nevada,1985,"Reagan, Ronald",Republican
Nevada,1986,"Reagan, Ronald",Republican
Nevada,1987,"Reagan, Ronald",Republican
Nevada,1988,"Reagan, Ronald",Republican
Nevada,1989,"Bush, George H.W.",Republican
Nevada,1990,"Bush, George H.W.",Republican
Nevada,1991,"Bush, George H.W.",Republican
Nevada,1992,"Bush, George H.W.",Republican
Nevada,1993,"Clinton, Bill",Democrat
Nevada,1994,"Clinton, Bill",Democrat
Nevada,1995,"Clinton, Bill",Democrat
Nevada,1996,"Clinton, Bill",Democrat
Nevada,1997,"Clinton, Bill",Democrat
Nevada,1998,"Clinton, Bill",Democrat
Nevada,1999,"Clinton, Bill",Democrat
Nevada,2000,"Clinton, Bill",Democrat
Nevada,2001,"Bush, George W.",Republican
Nevada,2002,"Bush, George W.",Republican
Nevada,2003,"Bush, George W.",Republican
Nevada,2004,"Bush, George W.",Republican
Nevada,2005,"Bush, George W.",Republican
New Hampshire,1981,"Reagan, Ronald",Republican
New Hampshire,1982,"Reagan, Ronald",Republican
New Hampshire,1983,"Reagan, Ronald",Republican
New Hampshire,1984,"Reagan, Ronald",Republican
New Hampshire,1985,"Reagan, Ronald",Republican
New Hampshire,1986,"Reagan, Ronald",Republican
New Hampshire,1987,"Reagan, Ronald",Republican
New Hampshire,1988,"Reagan, Ronald",Republican
New Hampshire,1989,"Bush, George H.W.",Republican
New Hampshire,1990,"Bush, George H.W.",Republican
New Hampshire,1991,"Bush, George H.W.",Republican
New Hampshire,1992,"Bush, George H.W.",Republican
New Hampshire,1993,"Clinton, Bill",Democrat
New Hampshire,1994,"Clinton, Bill",Democrat
New Hampshire,1995,"Clinton, Bill",Democrat
New Hampshire,1996,"Clinton, Bill",Democrat
New Hampshire,1997,"Clinton, Bill",Democrat
New Hampshire,1998,"Clinton, Bill",Democrat
New Hampshire,1999,"Clinton, Bill",Democrat
New Hampshire,2000,"Clinton, Bill",Democrat
New Hampshire,2001,"Bush, George W.",Republican
New Hampshire,2002,"Bush, George W.",Republican
New Hampshire,2003,"Bush, George W.",Republican
New Hampshire,2004,"Bush, George W.",Republican
New Hampshire,2005,"Kerry, John",Democrat
New Jersey,1981,"Reagan, Ronald",Republican
New Jersey,1982,"Reagan, Ronald",Republican
New Jersey,1983,"Reagan, Ronald",Republican
New Jersey,1984,"Reagan, Ronald",Republican
New Jersey,1985,"Reagan, Ronald",Republican
New Jersey,1986,"Reagan, Ronald",Republican
New Jersey,1987,"Reagan, Ronald",Republican
New Jersey,1988,"Reagan, Ronald",Republican
New Jersey,1989,"Bush, George H.W.",Republican
New Jersey,1990,"Bush, George H.W.",Republican
New Jersey,1991,"Bush, George H.W.",Republican
New Jersey,1992,"Bush, George H.W.",Republican
New Jersey,1993,"Clinton, Bill",Democrat
New Jersey,1994,"Clinton, Bill",Democrat
New Jersey,1995,"Clinton, Bill",Democrat
New Jersey,1996,"Clinton, Bill",Democrat
New Jersey,1997,"Clinton, Bill",Democrat
New Jersey,1998,"Clinton, Bill",Democrat
New Jersey,1999,"Clinton, Bill",Democrat
New Jersey,2000,"Clinton, Bill",Democrat
New Jersey,2001,"Gore, Al",Democrat
New Jersey,2002,"Gore, Al",Democrat
New Jersey,2003,"Gore, Al",Democrat
New Jersey,2004,"Gore, Al",Democrat
New Jersey,2005,"Kerry, John",Democrat
New Mexico,1981,"Reagan, Ronald",Republican
New Mexico,1982,"Reagan, Ronald",Republican
New Mexico,1983,"Reagan, Ronald",Republican
New Mexico,1984,"Reagan, Ronald",Republican
New Mexico,1985,"Reagan, Ronald",Republican
New Mexico,1986,"Reagan, Ronald",Republican
New Mexico,1987,"Reagan, Ronald",Republican
New Mexico,1988,"Reagan, Ronald",Republican
New Mexico,1989,"Bush, George H.W.",Republican
New Mexico,1990,"Bush, George H.W.",Republican
New Mexico,1991,"Bush, George H.W.",Republican
New Mexico,1992,"Bush, George H.W.",Republican
New Mexico,1993,"Clinton, Bill",Democrat
New Mexico,1994,"Clinton, Bill",Democrat
New Mexico,1995,"Clinton, Bill",Democrat
New Mexico,1996,"Clinton, Bill",Democrat
New Mexico,1997,"Clinton, Bill",Democrat
New Mexico,1998,"Clinton, Bill",Democrat
New Mexico,1999,"Clinton, Bill",Democrat
New Mexico,2000,"Clinton, Bill",Democrat
New Mexico,2001,"Gore, Al",Democrat
New Mexico,2002,"Gore, Al",Democrat
New Mexico,2003,"Gore, Al",Democrat
New Mexico,2004,"Gore, Al",Democrat
New Mexico,2005,"Bush, George W.",Republican
New York,1981,"Carter, Jimmy",Democrat
New York,1982,"Carter, Jimmy",Democrat
New York,1983,"Carter, Jimmy",Democrat
New York,1984,"Carter, Jimmy",Democrat
New York,1985,"Reagan, Ronald",Republican
New York,1986,"Reagan, Ronald",Republican
New York,1987,"Reagan, Ronald",Republican
New York,1988,"Reagan, Ronald",Republican
New York,1989,"Dukakis, Michael",Democrat
New York,1990,"Dukakis, Michael",Democrat
New York,1991,"Dukakis, Michael",Democrat
New York,1992,"Dukakis, Michael",Democrat
New York,1993,"Clinton, Bill",Democrat
New York,1994,"Clinton, Bill",Democrat
New York,1995,"Clinton, Bill",Democrat
New York,1996,"Clinton, Bill",Democrat
New York,1997,"Clinton, Bill",Democrat
New York,1998,"Clinton, Bill",Democrat
New York,1999,"Clinton, Bill",Democrat
New York,2000,"Clinton, Bill",Democrat
New York,2001,"Gore, Al",Democrat
New York,2002,"Gore, Al",Democrat
New York,2003,"Gore, Al",Democrat
New York,2004,"Gore, Al",Democrat
New York,2005,"Kerry, John",Democrat
North Carolina,1981,"Reagan, Ronald",Republican
North Carolina,1982,"Reagan, Ronald",Republican
North Carolina,1983,"Reagan, Ronald",Republican
North Carolina,1984,"Reagan, Ronald",Republican
North Carolina,1985,"Reagan, Ronald",Republican
North Carolina,1986,"Reagan, Ronald",Republican
North Carolina,1987,"Reagan, Ronald",Republican
North Carolina,1988,"Reagan, Ronald",Republican
North Carolina,1989,"Bush, George H.W.",Republican
North Carolina,1990,"Bush, George H.W.",Republican
North Carolina,1991,"Bush, George H.W.",Republican
North Carolina,1992,"Bush, George H.W.",Republican
North Carolina,1993,"Bush, George H.W.",Republican
North Carolina,1994,"Bush, George H.W.",Republican
North Carolina,1995,"Bush, George H.W.",Republican
North Carolina,1996,"Bush, George H.W.",Republican
North Carolina,1997,"Dole, Robert",Republican
North Carolina,1998,"Dole, Robert",Republican
North Carolina,1999,"Dole, Robert",Republican
North Carolina,2000,"Dole, Robert",Republican
North Carolina,2001,"Bush, George W.",Republican
North Carolina,2002,"Bush, George W.",Republican
North Carolina,2003,"Bush, George W.",Republican
North Carolina,2004,"Bush, George W.",Republican
North Carolina,2005,"Bush, George W.",Republican
North Dakota,1981,"Reagan, Ronald",Republican
North Dakota,1982,"Reagan, Ronald",Republican
North Dakota,1983,"Reagan, Ronald",Republican
North Dakota,1984,"Reagan, Ronald",Republican
North Dakota,1985,"Reagan, Ronald",Republican
North Dakota,1986,"Reagan, Ronald",Republican
North Dakota,1987,"Reagan, Ronald",Republican
North Dakota,1988,"Reagan, Ronald",Republican
North Dakota,1989,"Bush, George H.W.",Republican
North Dakota,1990,"Bush, George H.W.",Republican
North Dakota,1991,"Bush, George H.W.",Republican
North Dakota,1992,"Bush, George H.W.",Republican
North Dakota,1993,"Bush, George H.W.",Republican
North Dakota,1994,"Bush, George H.W.",Republican
North Dakota,1995,"Bush, George H.W.",Republican
North Dakota,1996,"Bush, George H.W.",Republican
North Dakota,1997,"Dole, Robert",Republican
North Dakota,1998,"Dole, Robert",Republican
North Dakota,1999,"Dole, Robert",Republican
North Dakota,2000,"Dole, Robert",Republican
North Dakota,2001,"Bush, George W.",Republican
North Dakota,2002,"Bush, George W.",Republican
North Dakota,2003,"Bush, George W.",Republican
North Dakota,2004,"Bush, George W.",Republican
North Dakota,2005,"Bush, George W.",Republican
Ohio,1981,"Reagan, Ronald",Republican
Ohio,1982,"Reagan, Ronald",Republican
Ohio,1983,"Reagan, Ronald",Republican
Ohio,1984,"Reagan, Ronald",Republican
Ohio,1985,"Reagan, Ronald",Republican
Ohio,1986,"Reagan, Ronald",Republican
Ohio,1987,"Reagan, Ronald",Republican
Ohio,1988,"Reagan, Ronald",Republican
Ohio,1989,"Bush, George H.W.",Republican
Ohio,1990,"Bush, George H.W.",Republican
Ohio,1991,"Bush, George H.W.",Republican
Ohio,1992,"Bush, George H.W.",Republican
Ohio,1993,"Clinton, Bill",Democrat
Ohio,1994,"Clinton, Bill",Democrat
Ohio,1995,"Clinton, Bill",Democrat
Ohio,1996,"Clinton, Bill",Democrat
Ohio,1997,"Clinton, Bill",Democrat
Ohio,1998,"Clinton, Bill",Democrat
Ohio,1999,"Clinton, Bill",Democrat
Ohio,2000,"Clinton, Bill",Democrat
Ohio,2001,"Bush, George W.",Republican
Ohio,2002,"Bush, George W.",Republican
Ohio,2003,"Bush, George W.",Republican
Ohio,2004,"Bush, George W.",Republican
Ohio,2005,"Bush, George W.",Republican
Oklahoma,1981,"Reagan, Ronald",Republican
Oklahoma,1982,"Reagan, Ronald",Republican
Oklahoma,1983,"Reagan, Ronald",Republican
Oklahoma,1984,"Reagan, Ronald",Republican
Oklahoma,1985,"Reagan, Ronald",Republican
Oklahoma,1986,"Reagan, Ronald",Republican
Oklahoma,1987,"Reagan, Ronald",Republican
Oklahoma,1988,"Reagan, Ronald",Republican
Oklahoma,1989,"Bush, George H.W.",Republican
Oklahoma,1990,"Bush, George H.W.",Republican
Oklahoma,1991,"Bush, George H.W.",Republican
Oklahoma,1992,"Bush, George H.W.",Republican
Oklahoma,1993,"Bush, George H.W.",Republican
Oklahoma,1994,"Bush, George H.W.",Republican
Oklahoma,1995,"Bush, George H.W.",Republican
Oklahoma,1996,"Bush, George H.W.",Republican
Oklahoma,1997,"Dole, Robert",Republican
Oklahoma,1998,"Dole, Robert",Republican
Oklahoma,1999,"Dole, Robert",Republican
Oklahoma,2000,"Dole, Robert",Republican
Oklahoma,2001,"Bush, George W.",Republican
Oklahoma,2002,"Bush, George W.",Republican
Oklahoma,2003,"Bush, George W.",Republican
Oklahoma,2004,"Bush, George W.",Republican
Oklahoma,2005,"Bush, George W.",Republican
Oregon,1981,"Reagan, Ronald",Republican
Oregon,1982,"Reagan, Ronald",Republican
Oregon,1983,"Reagan, Ronald",Republican
Oregon,1984,"Reagan, Ronald",Republican
Oregon,1985,"Reagan, Ronald",Republican
Oregon,1986,"Reagan, Ronald",Republican
Oregon,1987,"Reagan, Ronald",Republican
Oregon,1988,"Reagan, Ronald",Republican
Oregon,1989,"Dukakis, Michael",Democrat
Oregon,1990,"Dukakis, Michael",Democrat
Oregon,1991,"Dukakis, Michael",Democrat
Oregon,1992,"Dukakis, Michael",Democrat
Oregon,1993,"Clinton, Bill",Democrat
Oregon,1994,"Clinton, Bill",Democrat
Oregon,1995,"Clinton, Bill",Democrat
Oregon,1996,"Clinton, Bill",Democrat
Oregon,1997,"Clinton, Bill",Democrat
Oregon,1998,"Clinton, Bill",Democrat
Oregon,1999,"Clinton, Bill",Democrat
Oregon,2000,"Clinton, Bill",Democrat
Oregon,2001,"Gore, Al",Democrat
Oregon,2002,"Gore, Al",Democrat
Oregon,2003,"Gore, Al",Democrat
Oregon,2004,"Gore, Al",Democrat
Oregon,2005,"Kerry, John",Democrat
Pennsylvania,1981,"Reagan, Ronald",Republican
Pennsylvania,1982,"Reagan, Ronald",Republican
Pennsylvania,1983,"Reagan, Ronald",Republican
Pennsylvania,1984,"Reagan, Ronald",Republican
Pennsylvania,1985,"Reagan, Ronald",Republican
Pennsylvania,1986,"Reagan, Ronald",Republican
Pennsylvania,1987,"Reagan, Ronald",Republican
Pennsylvania,1988,"Reagan, Ronald",Republican
Pennsylvania,1989,"Bush, George H.W.",Republican
Pennsylvania,1990,"Bush, George H.W.",Republican
Pennsylvania,1991,"Bush, George H.W.",Republican
Pennsylvania,1992,"Bush, George H.W.",Republican
Pennsylvania,1993,"Clinton, Bill",Democrat
Pennsylvania,1994,"Clinton, Bill",Democrat
Pennsylvania,1995,"Clinton, Bill",Democrat
Pennsylvania,1996,"Clinton, Bill",Democrat
Pennsylvania,1997,"Clinton, Bill",Democrat
Pennsylvania,1998,"Clinton, Bill",Democrat
Pennsylvania,1999,"Clinton, Bill",Democrat
Pennsylvania,2000,"Clinton, Bill",Democrat
Pennsylvania,2001,"Gore, Al",Democrat
Pennsylvania,2002,"Gore, Al",Democrat
Pennsylvania,2003,"Gore, Al",Democrat
Pennsylvania,2004,"Gore, Al",Democrat
Pennsylvania,2005,"Kerry, John",Democrat
Rhode Island,1981,"Carter, Jimmy",Democrat
Rhode Island,1982,"Carter, Jimmy",Democrat
Rhode Island,1983,"Carter, Jimmy",Democrat
Rhode Island,1984,"Carter, Jimmy",Democrat
Rhode Island,1985,"Reagan, Ronald",Republican
Rhode Island,1986,"Reagan, Ronald",Republican
Rhode Island,1987,"Reagan, Ronald",Republican
Rhode Island,1988,"Reagan, Ronald",Republican
Rhode Island,1989,"Dukakis, Michael",Democrat
Rhode Island,1990,"Dukakis, Michael",Democrat
Rhode Island,1991,"Dukakis, Michael",Democrat
Rhode Island,1992,"Dukakis, Michael",Democrat
Rhode Island,1993,"Clinton, Bill",Democrat
Rhode Island,1994,"Clinton, Bill",Democrat
Rhode Island,1995,"Clinton, Bill",Democrat
Rhode Island,1996,"Clinton, Bill",Democrat
Rhode Island,1997,"Clinton, Bill",Democrat
Rhode Island,1998,"Clinton, Bill",Democrat
Rhode Island,1999,"Clinton, Bill",Democrat
Rhode Island,2000,"Clinton, Bill",Democrat
Rhode Island,2001,"Gore, Al",Democrat
Rhode Island,2002,"Gore, Al",Democrat
Rhode Island,2003,"Gore, Al",Democrat
Rhode Island,2004,"Gore, Al",Democrat
Rhode Island,2005,"Kerry, John",Democrat
South Carolina,1981,"Reagan, Ronald",Republican
South Carolina,1982,"Reagan, Ronald",Republican
South Carolina,1983,"Reagan, Ronald",Republican
South Carolina,1984,"Reagan, Ronald",Republican
South Carolina,1985,"Reagan, Ronald",Republican
South Carolina,1986,"Reagan, Ronald",Republican
South Carolina,1987,"Reagan, Ronald",Republican
South Carolina,1988,"Reagan, Ronald",Republican
South Carolina,1989,"Bush, George H.W.",Republican
South Carolina,1990,"Bush, George H.W.",Republican
South Carolina,1991,"Bush, George H.W.",Republican
South Carolina,1992,"Bush, George H.W.",Republican
South Carolina,1993,"Bush, George H.W.",Republican
South Carolina,1994,"Bush, George H.W.",Republican
South Carolina,1995,"Bush, George H.W.",Republican
South Carolina,1996,"Bush, George H.W.",Republican
South Carolina,1997,"Dole, Robert",Republican
South Carolina,1998,"Dole, Robert",Republican
South Carolina,1999,"Dole, Robert",Republican
South Carolina,2000,"Dole, Robert",Republican
South Carolina,2001,"Bush, George W.",Republican
South Carolina,2002,"Bush, George W.",Republican
South Carolina,2003,"Bush, George W.",Republican
South Carolina,2004,"Bush, George W.",Republican
South Carolina,2005,"Bush, George W.",Republican
South Dakota,1981,"Reagan, Ronald",Republican
South Dakota,1982,"Reagan, Ronald",Republican
South Dakota,1983,"Reagan, Ronald",Republican
South Dakota,1984,"Reagan, Ronald",Republican
South Dakota,1985,"Reagan, Ronald",Republican
South Dakota,1986,"Reagan, Ronald",Republican
South Dakota,1987,"Reagan, Ronald",Republican
South Dakota,1988,"Reagan, Ronald",Republican
South Dakota,1989,"Bush, George H.W.",Republican
South Dakota,1990,"Bush, George H.W.",Republican
South Dakota,1991,"Bush, George H.W.",Republican
South Dakota,1992,"Bush, George H.W.",Republican
South Dakota,1993,"Bush, George H.W.",Republican
South Dakota,1994,"Bush, George H.W.",Republican
South Dakota,1995,"Bush, George H.W.",Republican
South Dakota,1996,"Bush, George H.W.",Republican
South Dakota,1997,"Dole, Robert",Republican
South Dakota,1998,"Dole, Robert",Republican
South Dakota,1999,"Dole, Robert",Republican
South Dakota,2000,"Dole, Robert",Republican
South Dakota,2001,"Bush, George W.",Republican
South Dakota,2002,"Bush, George W.",Republican
South Dakota,2003,"Bush, George W.",Republican
South Dakota,2004,"Bush, George W.",Republican
South Dakota,2005,"Bush, George W.",Republican
Tennessee,1981,"Reagan, Ronald",Republican
Tennessee,1982,"Reagan, Ronald",Republican
Tennessee,1983,"Reagan, Ronald",Republican
Tennessee,1984,"Reagan, Ronald",Republican
Tennessee,1985,"Reagan, Ronald",Republican
Tennessee,1986,"Reagan, Ronald",Republican
Tennessee,1987,"Reagan, Ronald",Republican
Tennessee,1988,"Reagan, Ronald",Republican
Tennessee,1989,"Bush, George H.W.",Republican
Tennessee,1990,"Bush, George H.W.",Republican
Tennessee,1991,"Bush, George H.W.",Republican
Tennessee,1992,"Bush, George H.W.",Republican
Tennessee,1993,"Clinton, Bill",Democrat
Tennessee,1994,"Clinton, Bill",Democrat
Tennessee,1995,"Clinton, Bill",Democrat
Tennessee,1996,"Clinton, Bill",Democrat
Tennessee,1997,"Clinton, Bill",Democrat
Tennessee,1998,"Clinton, Bill",Democrat
Tennessee,1999,"Clinton, Bill",Democrat
Tennessee,2000,"Clinton, Bill",Democrat
Tennessee,2001,"Bush, George W.",Republican
Tennessee,2002,"Bush, George W.",Republican
Tennessee,2003,"Bush, George W.",Republican
Tennessee,2004,"Bush, George W.",Republican
Tennessee,2005,"Bush, George W.",Republican
Texas,1981,"Reagan, Ronald",Republican
Texas,1982,"Reagan, Ronald",Republican
Texas,1983,"Reagan, Ronald",Republican
Texas,1984,"Reagan, Ronald",Republican
Texas,1985,"Reagan, Ronald",Republican
Texas,1986,"Reagan, Ronald",Republican
Texas,1987,"Reagan, Ronald",Republican
Texas,1988,"Reagan, Ronald",Republican
Texas,1989,"Bush, George H.W.",Republican
Texas,1990,"Bush, George H.W.",Republican
Texas,1991,"Bush, George H.W.",Republican
Texas,1992,"Bush, George H.W.",Republican
Texas,1993,"Bush, George H.W.",Republican
Texas,1994,"Bush, George H.W.",Republican
Texas,1995,"Bush, George H.W.",Republican
Texas,1996,"Bush, George H.W.",Republican
Texas,1997,"Dole, Robert",Republican
Texas,1998,"Dole, Robert",Republican
Texas,1999,"Dole, Robert",Republican
Texas,2000,"Dole, Robert",Republican
Texas,2001,"Bush, George W.",Republican
Texas,2002,"Bush, George W.",Republican
Texas,2003,"Bush, George W.",Republican
Texas,2004,"Bush, George W.",Republican
Texas,2005,"Bush, George W.",Republican
Utah,1981,"Reagan, Ronald",Republican
Utah,1982,"Reagan, Ronald",Republican
Utah,1983,"Reagan, Ronald",Republican
Utah,1984,"Reagan, Ronald",Republican
Utah,1985,"Reagan, Ronald",Republican
Utah,1986,"Reagan, Ronald",Republican
Utah,1987,"Reagan, Ronald",Republican
Utah,1988,"Reagan, Ronald",Republican
Utah,1989,"Bush, George H.W.",Republican
Utah,1990,"Bush, George H.W.",Republican
Utah,1991,"Bush, George H.W.",Republican
Utah,1992,"Bush, George H.W.",Republican
Utah,1993,"Bush, George H.W.",Republican
Utah,1994,"Bush, George H.W.",Republican
Utah,1995,"Bush, George H.W.",Republican
Utah,1996,"Bush, George H.W.",Republican
Utah,1997,"Dole, Robert",Republican
Utah,1998,"Dole, Robert",Republican
Utah,1999,"Dole, Robert",Republican
Utah,2000,"Dole, Robert",Republican
Utah,2001,"Bush, George W.",Republican
Utah,2002,"Bush, George W.",Republican
Utah,2003,"Bush, George W.",Republican
Utah,2004,"Bush, George W.",Republican
Utah,2005,"Bush, George W.",Republican
Vermont,1981,"Reagan, Ronald",Republican
Vermont,1982,"Reagan, Ronald",Republican
Vermont,1983,"Reagan, Ronald",Republican
Vermont,1984,"Reagan, Ronald",Republican
Vermont,1985,"Reagan, Ronald",Republican
Vermont,1986,"Reagan, Ronald",Republican
Vermont,1987,"Reagan, Ronald",Republican
Vermont,1988,"Reagan, Ronald",Republican
Vermont,1989,"Bush, George H.W.",Republican
Vermont,1990,"Bush, George H.W.",Republican
Vermont,1991,"Bush, George H.W.",Republican
Vermont,1992,"Bush, George H.W.",Republican
Vermont,1993,"Clinton, Bill",Democrat
Vermont,1994,"Clinton, Bill",Democrat
Vermont,1995,"Clinton, Bill",Democrat
Vermont,1996,"Clinton, Bill",Democrat
Vermont,1997,"Clinton, Bill",Democrat
Vermont,1998,"Clinton, Bill",Democrat
Vermont,1999,"Clinton, Bill",Democrat
Vermont,2000,"Clinton, Bill",Democrat
Vermont,2001,"Gore, Al",Democrat
Vermont,2002,"Gore, Al",Democrat
Vermont,2003,"Gore, Al",Democrat
Vermont,2004,"Gore, Al",Democrat
Vermont,2005,"Kerry, John",Democrat
Virginia,1981,"Reagan, Ronald",Republican
Virginia,1982,"Reagan, Ronald",Republican
Virginia,1983,"Reagan, Ronald",Republican
Virginia,1984,"Reagan, Ronald",Republican
Virginia,1985,"Reagan, Ronald",Republican
Virginia,1986,"Reagan, Ronald",Republican
Virginia,1987,"Reagan, Ronald",Republican
Virginia,1988,"Reagan, Ronald",Republican
Virginia,1989,"Bush, George H.W.",Republican
Virginia,1990,"Bush, George H.W.",Republican
Virginia,1991,"Bush, George H.W.",Republican
Virginia,1992,"Bush, George H.W.",Republican
Virginia,1993,"Bush, George H.W.",Republican
Virginia,1994,"Bush, George H.W.",Republican
Virginia,1995,"Bush, George H.W.",Republican
Virginia,1996,"Bush, George H.W.",Republican
Virginia,1997,"Dole, Robert",Republican
Virginia,1998,"Dole, Robert",Republican
Virginia,1999,"Dole, Robert",Republican
Virginia,2000,"Dole, Robert",Republican
Virginia,2001,"Bush, George W.",Republican
Virginia,2002,"Bush, George W.",Republican
Virginia,2003,"Bush, George W.",Republican
Virginia,2004,"Bush, George W.",Republican
Virginia,2005,"Bush, George W.",Republican
Washington,1981,"Reagan, Ronald",Republican
Washington,1982,"Reagan, Ronald",Republican
Washington,1983,"Reagan, Ronald",Republican
Washington,1984,"Reagan, Ronald",Republican
Washington,1985,"Reagan, Ronald",Republican
Washington,1986,"Reagan, Ronald",Republican
Washington,1987,"Reagan, Ronald",Republican
Washington,1988,"Reagan, Ronald",Republican
Washington,1989,"Dukakis, Michael",Democrat
Washington,1990,"Dukakis, Michael",Democrat
Washington,1991,"Dukakis, Michael",Democrat
Washington,1992,"Dukakis, Michael",Democrat
Washington,1993,"Clinton, Bill",Democrat
Washington,1994,"Clinton, Bill",Democrat
Washington,1995,"Clinton, Bill",Democrat
Washington,1996,"Clinton, Bill",Democrat
Washington,1997,"Clinton, Bill",Democrat
Washington,1998,"Clinton, Bill",Democrat
Washington,1999,"Clinton, Bill",Democrat
Washington,2000,"Clinton, Bill",Democrat
Washington,2001,"Gore, Al",Democrat
Washington,2002,"Gore, Al",Democrat
Washington,2003,"Gore, Al",Democrat
Washington,2004,"Gore, Al",Democrat
Washington,2005,"Kerry, John",Democrat
West Virginia,1981,"Carter, Jimmy",Democrat
West Virginia,1982,"Carter, Jimmy",Democrat
West Virginia,1983,"Carter, Jimmy",Democrat
West Virginia,1984,"Carter, Jimmy",Democrat
West Virginia,1985,"Reagan, Ronald",Republican
West Virginia,1986,"Reagan, Ronald",Republican
West Virginia,1987,"Reagan, Ronald",Republican
West Virginia,1988,"Reagan, Ronald",Republican
West Virginia,1989,"Dukakis, Michael",Democrat
West Virginia,1990,"Dukakis, Michael",Democrat
West Virginia,1991,"Dukakis, Michael",Democrat
West Virginia,1992,"Dukakis, Michael",Democrat
West Virginia,1993,"Clinton, Bill",Democrat
West Virginia,1994,"Clinton, Bill",Democrat
West Virginia,1995,"Clinton, Bill",Democrat
West Virginia,1996,"Clinton, Bill",Democrat
West Virginia,1997,"Clinton, Bill",Democrat
West Virginia,1998,"Clinton, Bill",Democrat
West Virginia,1999,"Clinton, Bill",Democrat
West Virginia,2000,"Clinton, Bill",Democrat
West Virginia,2001,"Bush, George W.",Republican
West Virginia,2002,"Bush, George W.",Republican
West Virginia,2003,"Bush, George W.",Republican
West Virginia,2004,"Bush, George W.",Republican
West Virginia,2005,"Bush, George W.",Republican
Wisconsin,1981,"Reagan, Ronald",Republican
Wisconsin,1982,"Reagan, Ronald",Republican
Wisconsin,1983,"Reagan, Ronald",Republican
Wisconsin,1984,"Reagan, Ronald",Republican
Wisconsin,1985,"Reagan, Ronald",Republican
Wisconsin,1986,"Reagan, Ronald",Republican
Wisconsin,1987,"Reagan, Ronald",Republican
Wisconsin,1988,"Reagan, Ronald",Republican
Wisconsin,1989,"Dukakis, Michael",Democrat
Wisconsin,1990,"Dukakis, Michael",Democrat
Wisconsin,1991,"Dukakis, Michael",Democrat
Wisconsin,1992,"Dukakis, Michael",Democrat
Wisconsin,1993,"Clinton, Bill",Democrat
Wisconsin,1994,"Clinton, Bill",Democrat
Wisconsin,1995,"Clinton, Bill",Democrat
Wisconsin,1996,"Clinton, Bill",Democrat
Wisconsin,1997,"Clinton, Bill",Democrat
Wisconsin,1998,"Clinton, Bill",Democrat
Wisconsin,1999,"Clinton, Bill",Democrat
Wisconsin,2000,"Clinton, Bill",Democrat
Wisconsin,2001,"Gore, Al",Democrat
Wisconsin,2002,"Gore, Al",Democrat
Wisconsin,2003,"Gore, Al",Democrat
Wisconsin,2004,"Gore, Al",Democrat
Wisconsin,2005,"Kerry, John",Democrat
Wyoming,1981,"Reagan, Ronald",Republican
Wyoming,1982,"Reagan, Ronald",Republican
Wyoming,1983,"Reagan, Ronald",Republican
Wyoming,1984,"Reagan, Ronald",Republican
Wyoming,1985,"Reagan, Ronald",Republican
Wyoming,1986,"Reagan, Ronald",Republican
Wyoming,1987,"Reagan, Ronald",Republican
Wyoming,1988,"Reagan, Ronald",Republican
Wyoming,1989,"Bush, George H.W.",Republican
Wyoming,1990,"Bush, George H.W.",Republican
Wyoming,1991,"Bush, George H.W.",Republican
Wyoming,1992,"Bush, George H.W.",Republican
Wyoming,1993,"Bush, George H.W.",Republican
Wyoming,1994,"Bush, George H.W.",Republican
Wyoming,1995,"Bush, George H.W.",Republican
Wyoming,1996,"Bush, George H.W.",Republican
Wyoming,1997,"Dole, Robert",Republican
Wyoming,1998,"Dole, Robert",Republican
Wyoming,1999,"Dole, Robert",Republican
Wyoming,2000,"Dole, Robert",Republican
Wyoming,2001,"Bush, George W.",Republican
Wyoming,2002,"Bush, George W.",Republican
Wyoming,2003,"Bush, George W.",Republican
Wyoming,2004,"Bush, George W.",Republican
Wyoming,2005,"Bush, George W.",Republican
